,Kruskal_time,Prim_time,Num_of_nodes,Completeness
0,0.23381,0.22146,220.0,1.0
1,0.23013,0.22156,220.0,2.0
2,0.23113,0.22139,220.0,3.0
3,0.22933,0.22141,220.0,4.0
4,0.23107,0.22139,220.0,5.0
5,0.23582,0.22127,220.0,6.0
6,0.22844,0.22132,220.0,7.0
7,0.2305,0.2213,220.0,8.0
8,0.22881,0.22132,220.0,9.0
9,0.22877,0.22127,220.0,10.0
10,0.23127,0.22126,220.0,1.0
11,0.23943,0.22155,220.0,2.0
12,0.23088,0.22124,220.0,3.0
13,0.23074,0.22126,220.0,4.0
14,0.23435,0.22112,220.0,5.0
15,0.23526,0.22155,220.0,6.0
16,0.23002,0.22132,220.0,7.0
17,0.23309,0.22166,220.0,8.0
18,0.23602,0.2214,220.0,9.0
19,0.23422,0.22152,220.0,10.0
20,0.2307,0.22139,220.0,1.0
21,0.23076,0.22158,220.0,2.0
22,0.2348,0.22131,220.0,3.0
23,0.23251,0.22175,220.0,4.0
24,0.22898,0.22135,220.0,5.0
25,0.23485,0.22229,220.0,6.0
26,0.22966,0.22331,220.0,7.0
27,0.23139,0.22311,220.0,8.0
28,0.22851,0.22147,220.0,9.0
29,0.2294,0.22182,220.0,10.0
30,0.23078,0.22157,220.0,1.0
31,0.2331,0.22177,220.0,2.0
32,0.23562,0.22154,220.0,3.0
33,0.23227,0.22165,220.0,4.0
34,0.22859,0.22154,220.0,5.0
35,0.22902,0.2217,220.0,6.0
36,0.23233,0.22158,220.0,7.0
37,0.23614,0.22545,220.0,8.0
38,0.23783,0.2248,220.0,9.0
39,0.24825,0.22471,220.0,10.0
40,0.23304,0.23173,220.0,1.0
41,0.2345,0.23258,220.0,2.0
42,0.24291,0.23073,220.0,3.0
43,0.23094,0.22277,220.0,4.0
44,0.23995,0.22403,220.0,5.0
45,0.23061,0.22484,220.0,6.0
46,0.2439,0.22231,220.0,7.0
47,0.23698,0.22444,220.0,8.0
48,0.24279,0.22431,220.0,9.0
49,0.24325,0.22874,220.0,10.0
50,0.17602,0.1938,210.0,1.0
51,0.17102,0.19298,210.0,2.0
52,0.16981,0.19284,210.0,3.0
53,0.17248,0.19581,210.0,4.0
54,0.17637,0.19409,210.0,5.0
55,0.17126,0.19315,210.0,6.0
56,0.17188,0.20658,210.0,7.0
57,0.18865,0.19297,210.0,8.0
58,0.17061,0.19536,210.0,9.0
59,0.1752,0.1929,210.0,10.0
60,0.16978,0.19331,210.0,1.0
61,0.17441,0.19696,210.0,2.0
62,0.17871,0.19516,210.0,3.0
63,0.17551,0.19513,210.0,4.0
64,0.17248,0.19538,210.0,5.0
65,0.17241,0.19418,210.0,6.0
66,0.176,0.1939,210.0,7.0
67,0.17401,0.19459,210.0,8.0
68,0.17157,0.19451,210.0,9.0
69,0.17174,0.19284,210.0,10.0
70,0.1742,0.19327,210.0,1.0
71,0.17298,0.19288,210.0,2.0
72,0.17032,0.19276,210.0,3.0
73,0.17107,0.19273,210.0,4.0
74,0.17079,0.19284,210.0,5.0
75,0.1709,0.19328,210.0,6.0
76,0.17266,0.19267,210.0,7.0
77,0.1708,0.19274,210.0,8.0
78,0.17338,0.19282,210.0,9.0
79,0.17096,0.19293,210.0,10.0
80,0.17045,0.19332,210.0,1.0
81,0.17069,0.19272,210.0,2.0
82,0.1693,0.19274,210.0,3.0
83,0.17428,0.19279,210.0,4.0
84,0.17086,0.19297,210.0,5.0
85,0.16969,0.19321,210.0,6.0
86,0.17431,0.19264,210.0,7.0
87,0.1705,0.19305,210.0,8.0
88,0.17529,0.19312,210.0,9.0
89,0.17067,0.19304,210.0,10.0
90,0.17046,0.19281,210.0,1.0
91,0.17128,0.19273,210.0,2.0
92,0.17161,0.19302,210.0,3.0
93,0.17209,0.19441,210.0,4.0
94,0.1705,0.193,210.0,5.0
95,0.17419,0.1927,210.0,6.0
96,0.17054,0.19274,210.0,7.0
97,0.17045,0.19261,210.0,8.0
98,0.17031,0.1931,210.0,9.0
99,0.17068,0.19293,210.0,10.0
100,0.12421,0.17077,200.0,1.0
101,0.12484,0.17056,200.0,2.0
102,0.12043,0.16706,200.0,3.0
103,0.12278,0.17094,200.0,4.0
104,0.12442,0.17218,200.0,5.0
105,0.12395,0.16807,200.0,6.0
106,0.12533,0.17467,200.0,7.0
107,0.12473,0.17011,200.0,8.0
108,0.12358,0.18516,200.0,9.0
109,0.13135,0.17673,200.0,10.0
110,0.13163,0.19574,200.0,1.0
111,0.1307,0.19332,200.0,2.0
112,0.20142,0.30377,200.0,3.0
113,0.22632,0.24564,200.0,4.0
114,0.13737,0.17594,200.0,5.0
115,0.12272,0.17011,200.0,6.0
116,0.12461,0.18544,200.0,7.0
117,0.1268,0.18594,200.0,8.0
118,0.13406,0.18066,200.0,9.0
119,0.13935,0.21923,200.0,10.0
120,0.15152,0.19195,200.0,1.0
121,0.13124,0.19733,200.0,2.0
122,0.15222,0.21985,200.0,3.0
123,0.13401,0.17754,200.0,4.0
124,0.12514,0.17006,200.0,5.0
125,0.12775,0.16898,200.0,6.0
126,0.12884,0.17862,200.0,7.0
127,0.12833,0.17633,200.0,8.0
128,0.14347,0.19787,200.0,9.0
129,0.13158,0.17346,200.0,10.0
130,0.12496,0.16882,200.0,1.0
131,0.12516,0.16849,200.0,2.0
132,0.12412,0.17098,200.0,3.0
133,0.1219,0.16806,200.0,4.0
134,0.1239,0.16796,200.0,5.0
135,0.12229,0.16888,200.0,6.0
136,0.12426,0.16752,200.0,7.0
137,0.12076,0.16799,200.0,8.0
138,0.12217,0.16764,200.0,9.0
139,0.12145,0.16813,200.0,10.0
140,0.11991,0.16675,200.0,1.0
141,0.12381,0.16732,200.0,2.0
142,0.11983,0.16719,200.0,3.0
143,0.12001,0.16683,200.0,4.0
144,0.12133,0.16701,200.0,5.0
145,0.12245,0.16674,200.0,6.0
146,0.12245,0.1668,200.0,7.0
147,0.12069,0.16715,200.0,8.0
148,0.12026,0.16679,200.0,9.0
149,0.12032,0.16683,200.0,10.0
150,0.07935,0.14468,190.0,1.0
151,0.07799,0.14456,190.0,2.0
152,0.0803,0.1446,190.0,3.0
153,0.07907,0.14452,190.0,4.0
154,0.08956,0.14452,190.0,5.0
155,0.08032,0.1445,190.0,6.0
156,0.07803,0.14483,190.0,7.0
157,0.07772,0.14455,190.0,8.0
158,0.07891,0.14468,190.0,9.0
159,0.07868,0.14446,190.0,10.0
160,0.07791,0.14524,190.0,1.0
161,0.07919,0.14525,190.0,2.0
162,0.07922,0.14493,190.0,3.0
163,0.07989,0.14479,190.0,4.0
164,0.07798,0.14492,190.0,5.0
165,0.0794,0.14451,190.0,6.0
166,0.07912,0.14442,190.0,7.0
167,0.07893,0.14461,190.0,8.0
168,0.07821,0.14466,190.0,9.0
169,0.07925,0.14444,190.0,10.0
170,0.07884,0.1449,190.0,1.0
171,0.08026,0.14468,190.0,2.0
172,0.07857,0.14472,190.0,3.0
173,0.08074,0.14453,190.0,4.0
174,0.07916,0.14445,190.0,5.0
175,0.08064,0.14657,190.0,6.0
176,0.07702,0.14397,190.0,7.0
177,0.07948,0.14515,190.0,8.0
178,0.08084,0.14605,190.0,9.0
179,0.08191,0.14578,190.0,10.0
180,0.07999,0.14851,190.0,1.0
181,0.08034,0.14615,190.0,2.0
182,0.07935,0.14458,190.0,3.0
183,0.07928,0.14489,190.0,4.0
184,0.07917,0.14442,190.0,5.0
185,0.07821,0.14487,190.0,6.0
186,0.07718,0.14419,190.0,7.0
187,0.07774,0.14336,190.0,8.0
188,0.07666,0.14348,190.0,9.0
189,0.07699,0.14321,190.0,10.0
190,0.07773,0.14336,190.0,1.0
191,0.07812,0.14345,190.0,2.0
192,0.0786,0.14364,190.0,3.0
193,0.07761,0.14339,190.0,4.0
194,0.07847,0.14343,190.0,5.0
195,0.07885,0.14335,190.0,6.0
196,0.07788,0.14362,190.0,7.0
197,0.07939,0.14345,190.0,8.0
198,0.07788,0.14331,190.0,9.0
199,0.07865,0.14345,190.0,10.0
200,0.07861,0.14356,190.0,1.0
201,0.07701,0.14341,190.0,2.0
202,0.07841,0.14335,190.0,3.0
203,0.07867,0.14339,190.0,4.0
204,0.07795,0.14326,190.0,5.0
205,0.07768,0.14326,190.0,6.0
206,0.07784,0.14414,190.0,7.0
207,0.07942,0.14487,190.0,8.0
208,0.07859,0.14493,190.0,9.0
209,0.07824,0.14947,190.0,10.0
210,0.08043,0.14561,190.0,1.0
211,0.08184,0.146,190.0,2.0
212,0.08067,0.15341,190.0,3.0
213,0.09619,0.15511,190.0,4.0
214,0.07944,0.14578,190.0,5.0
215,0.08081,0.14377,190.0,6.0
216,0.07721,0.14546,190.0,7.0
217,0.08016,0.14622,190.0,8.0
218,0.0801,0.1453,190.0,9.0
219,0.08322,0.14944,190.0,10.0
220,0.08158,0.1466,190.0,1.0
221,0.08336,0.15516,190.0,2.0
222,0.08082,0.14737,190.0,3.0
223,0.07715,0.14831,190.0,4.0
224,0.08029,0.14585,190.0,5.0
225,0.08031,0.14542,190.0,6.0
226,0.07733,0.14505,190.0,7.0
227,0.0783,0.14456,190.0,8.0
228,0.07824,0.14433,190.0,9.0
229,0.07738,0.14531,190.0,10.0
230,0.0785,0.14399,190.0,1.0
231,0.08055,0.15033,190.0,2.0
232,0.07808,0.144,190.0,3.0
233,0.07763,0.14408,190.0,4.0
234,0.07805,0.14339,190.0,5.0
235,0.07735,0.14353,190.0,6.0
236,0.07756,0.14366,190.0,7.0
237,0.08068,0.14617,190.0,8.0
238,0.07748,0.14383,190.0,9.0
239,0.07958,0.14703,190.0,10.0
240,0.07952,0.14409,190.0,1.0
241,0.07968,0.14728,190.0,2.0
242,0.07864,0.14566,190.0,3.0
243,0.07993,0.14524,190.0,4.0
244,0.08245,0.14916,190.0,5.0
245,0.07957,0.14607,190.0,6.0
246,0.08446,0.16286,190.0,7.0
247,0.08432,0.15937,190.0,8.0
248,0.08445,0.16131,190.0,9.0
249,0.08134,0.14508,190.0,10.0
250,0.04997,0.12742,180.0,1.0
251,0.05248,0.12533,180.0,2.0
252,0.05008,0.12217,180.0,3.0
253,0.05026,0.12398,180.0,4.0
254,0.05085,0.12431,180.0,5.0
255,0.04977,0.12549,180.0,6.0
256,0.05074,0.12305,180.0,7.0
257,0.04995,0.12402,180.0,8.0
258,0.05093,0.12368,180.0,9.0
259,0.05135,0.12417,180.0,10.0
260,0.05021,0.12662,180.0,1.0
261,0.05006,0.124,180.0,2.0
262,0.05074,0.12384,180.0,3.0
263,0.0511,0.12394,180.0,4.0
264,0.05063,0.12265,180.0,5.0
265,0.05111,0.124,180.0,6.0
266,0.05186,0.12294,180.0,7.0
267,0.04932,0.12244,180.0,8.0
268,0.05023,0.12285,180.0,9.0
269,0.04966,0.12296,180.0,10.0
270,0.05032,0.12396,180.0,1.0
271,0.05161,0.123,180.0,2.0
272,0.04964,0.12335,180.0,3.0
273,0.05098,0.12326,180.0,4.0
274,0.04984,0.12389,180.0,5.0
275,0.04963,0.12439,180.0,6.0
276,0.04974,0.12455,180.0,7.0
277,0.05019,0.12506,180.0,8.0
278,0.05115,0.12317,180.0,9.0
279,0.05047,0.12339,180.0,10.0
280,0.04969,0.12311,180.0,1.0
281,0.04842,0.12277,180.0,2.0
282,0.04963,0.12324,180.0,3.0
283,0.0504,0.1243,180.0,4.0
284,0.05024,0.12275,180.0,5.0
285,0.05007,0.12433,180.0,6.0
286,0.05113,0.12386,180.0,7.0
287,0.04975,0.12319,180.0,8.0
288,0.0501,0.12315,180.0,9.0
289,0.0481,0.12383,180.0,10.0
290,0.04976,0.13536,180.0,1.0
291,0.05083,0.12336,180.0,2.0
292,0.05004,0.12386,180.0,3.0
293,0.05019,0.12267,180.0,4.0
294,0.04982,0.12336,180.0,5.0
295,0.04961,0.12366,180.0,6.0
296,0.04936,0.12349,180.0,7.0
297,0.05061,0.12369,180.0,8.0
298,0.05017,0.12456,180.0,9.0
299,0.0503,0.12387,180.0,10.0
300,0.05009,0.12435,180.0,1.0
301,0.0507,0.12426,180.0,2.0
302,0.04978,0.12854,180.0,3.0
303,0.0515,0.12296,180.0,4.0
304,0.049,0.12278,180.0,5.0
305,0.04975,0.12284,180.0,6.0
306,0.04808,0.12298,180.0,7.0
307,0.04811,0.12298,180.0,8.0
308,0.05108,0.12408,180.0,9.0
309,0.04928,0.12403,180.0,10.0
310,0.05044,0.12504,180.0,1.0
311,0.05206,0.12269,180.0,2.0
312,0.05086,0.12368,180.0,3.0
313,0.05163,0.12458,180.0,4.0
314,0.04982,0.1233,180.0,5.0
315,0.04926,0.12245,180.0,6.0
316,0.05094,0.12343,180.0,7.0
317,0.04906,0.12373,180.0,8.0
318,0.05111,0.12449,180.0,9.0
319,0.04946,0.1247,180.0,10.0
320,0.04901,0.12287,180.0,1.0
321,0.05033,0.12592,180.0,2.0
322,0.05079,0.12436,180.0,3.0
323,0.05034,0.12533,180.0,4.0
324,0.04926,0.12417,180.0,5.0
325,0.04974,0.1234,180.0,6.0
326,0.05111,0.1233,180.0,7.0
327,0.04998,0.12418,180.0,8.0
328,0.05183,0.12431,180.0,9.0
329,0.05107,0.12333,180.0,10.0
330,0.05007,0.12328,180.0,1.0
331,0.05019,0.12561,180.0,2.0
332,0.04899,0.12566,180.0,3.0
333,0.05055,0.12321,180.0,4.0
334,0.05166,0.12399,180.0,5.0
335,0.0492,0.12454,180.0,6.0
336,0.05045,0.12397,180.0,7.0
337,0.05,0.1236,180.0,8.0
338,0.05012,0.12331,180.0,9.0
339,0.05043,0.12363,180.0,10.0
340,0.04961,0.12568,180.0,1.0
341,0.0593,0.13156,180.0,2.0
342,0.059,0.12441,180.0,3.0
343,0.04995,0.12348,180.0,4.0
344,0.04973,0.12482,180.0,5.0
345,0.05064,0.12424,180.0,6.0
346,0.0507,0.12397,180.0,7.0
347,0.0501,0.12363,180.0,8.0
348,0.05003,0.12397,180.0,9.0
349,0.05025,0.12312,180.0,10.0
350,0.03548,0.10572,170.0,1.0
351,0.0358,0.10465,170.0,2.0
352,0.03504,0.10667,170.0,3.0
353,0.03796,0.10818,170.0,4.0
354,0.03767,0.10718,170.0,5.0
355,0.03464,0.10345,170.0,6.0
356,0.0351,0.10699,170.0,7.0
357,0.03581,0.10572,170.0,8.0
358,0.03542,0.10435,170.0,9.0
359,0.0366,0.10602,170.0,10.0
360,0.03495,0.10353,170.0,1.0
361,0.03504,0.10321,170.0,2.0
362,0.0353,0.10423,170.0,3.0
363,0.03457,0.1037,170.0,4.0
364,0.03531,0.10394,170.0,5.0
365,0.04497,0.27425,170.0,6.0
366,0.03677,0.10796,170.0,7.0
367,0.03577,0.11012,170.0,8.0
368,0.03739,0.10983,170.0,9.0
369,0.03669,0.11896,170.0,10.0
370,0.07412,0.13019,170.0,1.0
371,0.03876,0.11996,170.0,2.0
372,0.0366,0.10451,170.0,3.0
373,0.03501,0.10311,170.0,4.0
374,0.03462,0.1036,170.0,5.0
375,0.03594,0.10543,170.0,6.0
376,0.03525,0.10429,170.0,7.0
377,0.03529,0.10657,170.0,8.0
378,0.03521,0.1054,170.0,9.0
379,0.03531,0.10448,170.0,10.0
380,0.03511,0.10525,170.0,1.0
381,0.03485,0.10408,170.0,2.0
382,0.03475,0.10422,170.0,3.0
383,0.03487,0.10516,170.0,4.0
384,0.03508,0.1043,170.0,5.0
385,0.03521,0.10522,170.0,6.0
386,0.03517,0.10322,170.0,7.0
387,0.03492,0.10416,170.0,8.0
388,0.0354,0.1049,170.0,9.0
389,0.03531,0.10497,170.0,10.0
390,0.03639,0.10505,170.0,1.0
391,0.03512,0.10606,170.0,2.0
392,0.03504,0.10368,170.0,3.0
393,0.03514,0.10458,170.0,4.0
394,0.03492,0.10462,170.0,5.0
395,0.0368,0.10372,170.0,6.0
396,0.03516,0.10386,170.0,7.0
397,0.03528,0.10586,170.0,8.0
398,0.03525,0.1035,170.0,9.0
399,0.0365,0.10444,170.0,10.0
400,0.03518,0.10422,170.0,1.0
401,0.0358,0.10481,170.0,2.0
402,0.03526,0.10487,170.0,3.0
403,0.0358,0.10625,170.0,4.0
404,0.03557,0.1037,170.0,5.0
405,0.03552,0.10387,170.0,6.0
406,0.03454,0.10479,170.0,7.0
407,0.03575,0.10424,170.0,8.0
408,0.03568,0.10491,170.0,9.0
409,0.03555,0.10494,170.0,10.0
410,0.0353,0.10564,170.0,1.0
411,0.03649,0.10555,170.0,2.0
412,0.03651,0.10382,170.0,3.0
413,0.03551,0.10538,170.0,4.0
414,0.0352,0.10691,170.0,5.0
415,0.03584,0.10436,170.0,6.0
416,0.03587,0.10547,170.0,7.0
417,0.0348,0.10684,170.0,8.0
418,0.03556,0.10448,170.0,9.0
419,0.0352,0.10519,170.0,10.0
420,0.03508,0.10606,170.0,1.0
421,0.03486,0.10588,170.0,2.0
422,0.03511,0.10432,170.0,3.0
423,0.03483,0.10364,170.0,4.0
424,0.03522,0.10431,170.0,5.0
425,0.03538,0.10547,170.0,6.0
426,0.03659,0.1057,170.0,7.0
427,0.03497,0.1037,170.0,8.0
428,0.03507,0.10482,170.0,9.0
429,0.03504,0.10604,170.0,10.0
430,0.0352,0.10585,170.0,1.0
431,0.03536,0.10489,170.0,2.0
432,0.03637,0.10619,170.0,3.0
433,0.03621,0.10533,170.0,4.0
434,0.03502,0.10447,170.0,5.0
435,0.03689,0.10508,170.0,6.0
436,0.03552,0.10446,170.0,7.0
437,0.03672,0.10424,170.0,8.0
438,0.03608,0.10587,170.0,9.0
439,0.03492,0.10433,170.0,10.0
440,0.03509,0.10363,170.0,1.0
441,0.0357,0.10599,170.0,2.0
442,0.03499,0.10376,170.0,3.0
443,0.03504,0.10397,170.0,4.0
444,0.03598,0.10522,170.0,5.0
445,0.03503,0.10596,170.0,6.0
446,0.03522,0.10425,170.0,7.0
447,0.03508,0.10513,170.0,8.0
448,0.03468,0.10378,170.0,9.0
449,0.03531,0.10561,170.0,10.0
450,0.02746,0.08723,160.0,1.0
451,0.02747,0.08639,160.0,2.0
452,0.02731,0.08678,160.0,3.0
453,0.02849,0.08826,160.0,4.0
454,0.02862,0.08811,160.0,5.0
455,0.0274,0.08635,160.0,6.0
456,0.02728,0.0873,160.0,7.0
457,0.0272,0.08695,160.0,8.0
458,0.02818,0.08707,160.0,9.0
459,0.02816,0.08682,160.0,10.0
460,0.02792,0.0881,160.0,1.0
461,0.0276,0.08908,160.0,2.0
462,0.02843,0.08799,160.0,3.0
463,0.02771,0.08767,160.0,4.0
464,0.02809,0.08647,160.0,5.0
465,0.02744,0.08758,160.0,6.0
466,0.02777,0.08731,160.0,7.0
467,0.02738,0.08649,160.0,8.0
468,0.02733,0.08888,160.0,9.0
469,0.02715,0.08711,160.0,10.0
470,0.02741,0.08659,160.0,1.0
471,0.03001,0.08738,160.0,2.0
472,0.02742,0.08776,160.0,3.0
473,0.02934,0.08928,160.0,4.0
474,0.02852,0.0869,160.0,5.0
475,0.0278,0.09159,160.0,6.0
476,0.02915,0.09135,160.0,7.0
477,0.02735,0.08969,160.0,8.0
478,0.02942,0.09143,160.0,9.0
479,0.02976,0.08733,160.0,10.0
480,0.0275,0.09049,160.0,1.0
481,0.03909,0.09023,160.0,2.0
482,0.02922,0.09098,160.0,3.0
483,0.02917,0.09091,160.0,4.0
484,0.04352,0.09056,160.0,5.0
485,0.02975,0.09063,160.0,6.0
486,0.02748,0.08859,160.0,7.0
487,0.02748,0.08715,160.0,8.0
488,0.02895,0.09032,160.0,9.0
489,0.02958,0.0906,160.0,10.0
490,0.02907,0.09049,160.0,1.0
491,0.02883,0.08683,160.0,2.0
492,0.02747,0.08668,160.0,3.0
493,0.02742,0.0895,160.0,4.0
494,0.0288,0.08856,160.0,5.0
495,0.02801,0.0891,160.0,6.0
496,0.02907,0.09012,160.0,7.0
497,0.02867,0.08717,160.0,8.0
498,0.02787,0.08813,160.0,9.0
499,0.0276,0.08666,160.0,10.0
500,0.02746,0.08671,160.0,1.0
501,0.02743,0.08678,160.0,2.0
502,0.02818,0.08687,160.0,3.0
503,0.02738,0.08669,160.0,4.0
504,0.02748,0.08663,160.0,5.0
505,0.0273,0.08752,160.0,6.0
506,0.02757,0.08665,160.0,7.0
507,0.02733,0.08732,160.0,8.0
508,0.02786,0.08723,160.0,9.0
509,0.02757,0.0871,160.0,10.0
510,0.02749,0.08696,160.0,1.0
511,0.0276,0.08687,160.0,2.0
512,0.02722,0.08615,160.0,3.0
513,0.02741,0.08685,160.0,4.0
514,0.02727,0.08648,160.0,5.0
515,0.02931,0.08972,160.0,6.0
516,0.02869,0.08717,160.0,7.0
517,0.02747,0.08671,160.0,8.0
518,0.02754,0.08961,160.0,9.0
519,0.02868,0.08838,160.0,10.0
520,0.02811,0.08788,160.0,1.0
521,0.02733,0.08664,160.0,2.0
522,0.0272,0.08665,160.0,3.0
523,0.02749,0.08689,160.0,4.0
524,0.02916,0.09092,160.0,5.0
525,0.02803,0.08884,160.0,6.0
526,0.02816,0.08947,160.0,7.0
527,0.02806,0.08663,160.0,8.0
528,0.02859,0.08667,160.0,9.0
529,0.02743,0.08682,160.0,10.0
530,0.02737,0.0863,160.0,1.0
531,0.02732,0.08679,160.0,2.0
532,0.02747,0.08721,160.0,3.0
533,0.02793,0.08751,160.0,4.0
534,0.02829,0.08831,160.0,5.0
535,0.02905,0.08804,160.0,6.0
536,0.02721,0.0862,160.0,7.0
537,0.02737,0.08785,160.0,8.0
538,0.02861,0.08804,160.0,9.0
539,0.02748,0.08825,160.0,10.0
540,0.02799,0.08741,160.0,1.0
541,0.02761,0.08734,160.0,2.0
542,0.02769,0.08715,160.0,3.0
543,0.02933,0.08733,160.0,4.0
544,0.02761,0.08697,160.0,5.0
545,0.02745,0.08709,160.0,6.0
546,0.02824,0.09066,160.0,7.0
547,0.02801,0.08856,160.0,8.0
548,0.02777,0.08649,160.0,9.0
549,0.02709,0.0872,160.0,10.0
550,0.02199,0.0716,150.0,1.0
551,0.0218,0.07352,150.0,2.0
552,0.0231,0.07454,150.0,3.0
553,0.02459,0.07431,150.0,4.0
554,0.0229,0.07413,150.0,5.0
555,0.02317,0.07421,150.0,6.0
556,0.02204,0.07216,150.0,7.0
557,0.02267,0.07241,150.0,8.0
558,0.02193,0.0713,150.0,9.0
559,0.02191,0.07122,150.0,10.0
560,0.0217,0.07259,150.0,1.0
561,0.02189,0.07237,150.0,2.0
562,0.02302,0.07194,150.0,3.0
563,0.02195,0.07745,150.0,4.0
564,0.02205,0.07225,150.0,5.0
565,0.02222,0.0727,150.0,6.0
566,0.02329,0.07598,150.0,7.0
567,0.02229,0.07205,150.0,8.0
568,0.02235,0.07242,150.0,9.0
569,0.02219,0.07145,150.0,10.0
570,0.02188,0.0716,150.0,1.0
571,0.02192,0.07132,150.0,2.0
572,0.02179,0.0715,150.0,3.0
573,0.02202,0.07139,150.0,4.0
574,0.02194,0.07171,150.0,5.0
575,0.02213,0.07253,150.0,6.0
576,0.02385,0.07471,150.0,7.0
577,0.02312,0.07169,150.0,8.0
578,0.02194,0.0717,150.0,9.0
579,0.02185,0.07244,150.0,10.0
580,0.02301,0.07436,150.0,1.0
581,0.02315,0.07465,150.0,2.0
582,0.02366,0.07441,150.0,3.0
583,0.02313,0.07398,150.0,4.0
584,0.02387,0.07474,150.0,5.0
585,0.02232,0.07233,150.0,6.0
586,0.02307,0.07195,150.0,7.0
587,0.02175,0.07142,150.0,8.0
588,0.02172,0.07241,150.0,9.0
589,0.02181,0.07127,150.0,10.0
590,0.02178,0.0713,150.0,1.0
591,0.02201,0.07164,150.0,2.0
592,0.0221,0.07179,150.0,3.0
593,0.02254,0.07218,150.0,4.0
594,0.02203,0.07137,150.0,5.0
595,0.02202,0.07151,150.0,6.0
596,0.02171,0.07139,150.0,7.0
597,0.0225,0.07427,150.0,8.0
598,0.02278,0.07177,150.0,9.0
599,0.02189,0.09181,150.0,10.0
600,0.02198,0.07125,150.0,1.0
601,0.02177,0.07151,150.0,2.0
602,0.02291,0.07312,150.0,3.0
603,0.02229,0.07254,150.0,4.0
604,0.02204,0.07176,150.0,5.0
605,0.03021,0.08023,150.0,6.0
606,0.02227,0.07374,150.0,7.0
607,0.02194,0.07237,150.0,8.0
608,0.02209,0.07245,150.0,9.0
609,0.02193,0.07358,150.0,10.0
610,0.02336,0.07363,150.0,1.0
611,0.02311,0.07334,150.0,2.0
612,0.02219,0.07293,150.0,3.0
613,0.02192,0.0713,150.0,4.0
614,0.0219,0.07138,150.0,5.0
615,0.02183,0.07313,150.0,6.0
616,0.02184,0.07194,150.0,7.0
617,0.02181,0.07147,150.0,8.0
618,0.02205,0.08435,150.0,9.0
619,0.02368,0.07643,150.0,10.0
620,0.02355,0.08225,150.0,1.0
621,0.02357,0.07701,150.0,2.0
622,0.02219,0.0716,150.0,3.0
623,0.02197,0.07367,150.0,4.0
624,0.02358,0.07626,150.0,5.0
625,0.02348,0.07417,150.0,6.0
626,0.02246,0.07163,150.0,7.0
627,0.02177,0.07174,150.0,8.0
628,0.02204,0.07256,150.0,9.0
629,0.02203,0.07133,150.0,10.0
630,0.02195,0.07386,150.0,1.0
631,0.02303,0.07457,150.0,2.0
632,0.02345,0.07389,150.0,3.0
633,0.02335,0.07469,150.0,4.0
634,0.0237,0.0746,150.0,5.0
635,0.02337,0.07323,150.0,6.0
636,0.02289,0.07254,150.0,7.0
637,0.02251,0.07252,150.0,8.0
638,0.02219,0.07164,150.0,9.0
639,0.02196,0.07138,150.0,10.0
640,0.02188,0.07373,150.0,1.0
641,0.02295,0.07327,150.0,2.0
642,0.02216,0.07139,150.0,3.0
643,0.02185,0.07133,150.0,4.0
644,0.02202,0.07127,150.0,5.0
645,0.02193,0.07296,150.0,6.0
646,0.02373,0.07458,150.0,7.0
647,0.02293,0.07207,150.0,8.0
648,0.02204,0.07168,150.0,9.0
649,0.02194,0.07159,150.0,10.0
650,0.01756,0.05933,140.0,1.0
651,0.01764,0.07664,140.0,2.0
652,0.01777,0.05887,140.0,3.0
653,0.01741,0.05845,140.0,4.0
654,0.01754,0.05852,140.0,5.0
655,0.01751,0.05935,140.0,6.0
656,0.01771,0.05887,140.0,7.0
657,0.01767,0.05899,140.0,8.0
658,0.01768,0.05955,140.0,9.0
659,0.01765,0.05857,140.0,10.0
660,0.01819,0.05822,140.0,1.0
661,0.01786,0.05944,140.0,2.0
662,0.01765,0.05871,140.0,3.0
663,0.01769,0.05886,140.0,4.0
664,0.01765,0.05803,140.0,5.0
665,0.01728,0.05889,140.0,6.0
666,0.01774,0.05967,140.0,7.0
667,0.01805,0.05866,140.0,8.0
668,0.01861,0.05873,140.0,9.0
669,0.01762,0.05832,140.0,10.0
670,0.01775,0.05904,140.0,1.0
671,0.0185,0.05885,140.0,2.0
672,0.01789,0.059,140.0,3.0
673,0.01748,0.0582,140.0,4.0
674,0.01869,0.05869,140.0,5.0
675,0.01753,0.05918,140.0,6.0
676,0.01766,0.05813,140.0,7.0
677,0.01778,0.05947,140.0,8.0
678,0.01764,0.05856,140.0,9.0
679,0.01767,0.0585,140.0,10.0
680,0.01732,0.05845,140.0,1.0
681,0.01757,0.05848,140.0,2.0
682,0.01758,0.05842,140.0,3.0
683,0.01754,0.06006,140.0,4.0
684,0.01759,0.0582,140.0,5.0
685,0.0175,0.05846,140.0,6.0
686,0.01767,0.05852,140.0,7.0
687,0.01743,0.05852,140.0,8.0
688,0.01737,0.05916,140.0,9.0
689,0.01714,0.05821,140.0,10.0
690,0.01728,0.05842,140.0,1.0
691,0.0175,0.0586,140.0,2.0
692,0.01751,0.05847,140.0,3.0
693,0.01764,0.05795,140.0,4.0
694,0.01748,0.05925,140.0,5.0
695,0.01876,0.05942,140.0,6.0
696,0.01773,0.05863,140.0,7.0
697,0.01764,0.05926,140.0,8.0
698,0.01892,0.05894,140.0,9.0
699,0.01769,0.05958,140.0,10.0
700,0.01736,0.05865,140.0,1.0
701,0.01747,0.05859,140.0,2.0
702,0.01757,0.06143,140.0,3.0
703,0.02169,0.06727,140.0,4.0
704,0.01994,0.06315,140.0,5.0
705,0.01952,0.06208,140.0,6.0
706,0.0193,0.06264,140.0,7.0
707,0.01856,0.05894,140.0,8.0
708,0.01743,0.05841,140.0,9.0
709,0.0176,0.05928,140.0,10.0
710,0.0179,0.05956,140.0,1.0
711,0.01773,0.05852,140.0,2.0
712,0.01741,0.05805,140.0,3.0
713,0.01753,0.05914,140.0,4.0
714,0.01811,0.06035,140.0,5.0
715,0.01853,0.05886,140.0,6.0
716,0.0173,0.05808,140.0,7.0
717,0.01768,0.05854,140.0,8.0
718,0.01752,0.05872,140.0,9.0
719,0.01786,0.05868,140.0,10.0
720,0.01772,0.05904,140.0,1.0
721,0.01776,0.05946,140.0,2.0
722,0.01757,0.05813,140.0,3.0
723,0.01745,0.05846,140.0,4.0
724,0.01761,0.05845,140.0,5.0
725,0.01759,0.0588,140.0,6.0
726,0.01776,0.05886,140.0,7.0
727,0.01768,0.05884,140.0,8.0
728,0.01825,0.05934,140.0,9.0
729,0.01768,0.05854,140.0,10.0
730,0.01786,0.05927,140.0,1.0
731,0.0177,0.05894,140.0,2.0
732,0.01777,0.05948,140.0,3.0
733,0.01804,0.05887,140.0,4.0
734,0.01781,0.0586,140.0,5.0
735,0.01778,0.05861,140.0,6.0
736,0.01761,0.0586,140.0,7.0
737,0.01772,0.05876,140.0,8.0
738,0.01759,0.05849,140.0,9.0
739,0.01755,0.05906,140.0,10.0
740,0.01883,0.06045,140.0,1.0
741,0.01828,0.06064,140.0,2.0
742,0.01763,0.05969,140.0,3.0
743,0.02382,0.07544,140.0,4.0
744,0.01878,0.06082,140.0,5.0
745,0.01747,0.05833,140.0,6.0
746,0.01742,0.05994,140.0,7.0
747,0.01847,0.06159,140.0,8.0
748,0.019,0.06131,140.0,9.0
749,0.01889,0.05859,140.0,10.0
750,0.01396,0.04734,130.0,1.0
751,0.01403,0.04727,130.0,2.0
752,0.01386,0.04708,130.0,3.0
753,0.0139,0.04703,130.0,4.0
754,0.01395,0.04655,130.0,5.0
755,0.01506,0.0469,130.0,6.0
756,0.01371,0.04629,130.0,7.0
757,0.01369,0.04657,130.0,8.0
758,0.01384,0.04615,130.0,9.0
759,0.01371,0.04615,130.0,10.0
760,0.01379,0.04711,130.0,1.0
761,0.01386,0.04685,130.0,2.0
762,0.01457,0.04594,130.0,3.0
763,0.01355,0.04703,130.0,4.0
764,0.01392,0.04695,130.0,5.0
765,0.01391,0.04676,130.0,6.0
766,0.01376,0.04617,130.0,7.0
767,0.01387,0.04634,130.0,8.0
768,0.01369,0.04642,130.0,9.0
769,0.01386,0.04728,130.0,10.0
770,0.01395,0.04703,130.0,1.0
771,0.01389,0.04715,130.0,2.0
772,0.01404,0.0465,130.0,3.0
773,0.01358,0.046,130.0,4.0
774,0.01399,0.04707,130.0,5.0
775,0.01361,0.04674,130.0,6.0
776,0.01365,0.04637,130.0,7.0
777,0.0139,0.04717,130.0,8.0
778,0.01403,0.04693,130.0,9.0
779,0.01396,0.04675,130.0,10.0
780,0.01358,0.04665,130.0,1.0
781,0.01401,0.04734,130.0,2.0
782,0.01419,0.04796,130.0,3.0
783,0.01409,0.04743,130.0,4.0
784,0.01394,0.04761,130.0,5.0
785,0.01436,0.04782,130.0,6.0
786,0.01428,0.04652,130.0,7.0
787,0.01344,0.04613,130.0,8.0
788,0.01353,0.04669,130.0,9.0
789,0.01379,0.04679,130.0,10.0
790,0.01368,0.04625,130.0,1.0
791,0.01359,0.04635,130.0,2.0
792,0.01356,0.04652,130.0,3.0
793,0.01363,0.04662,130.0,4.0
794,0.0135,0.04662,130.0,5.0
795,0.01392,0.04719,130.0,6.0
796,0.01361,0.04654,130.0,7.0
797,0.01389,0.04662,130.0,8.0
798,0.01356,0.04611,130.0,9.0
799,0.01362,0.04612,130.0,10.0
800,0.01373,0.04652,130.0,1.0
801,0.01367,0.04702,130.0,2.0
802,0.01412,0.04744,130.0,3.0
803,0.01503,0.04754,130.0,4.0
804,0.01384,0.04676,130.0,5.0
805,0.01355,0.04623,130.0,6.0
806,0.01362,0.04644,130.0,7.0
807,0.01385,0.04704,130.0,8.0
808,0.01413,0.04716,130.0,9.0
809,0.01394,0.04769,130.0,10.0
810,0.01398,0.04709,130.0,1.0
811,0.01371,0.04638,130.0,2.0
812,0.01383,0.04716,130.0,3.0
813,0.01398,0.04732,130.0,4.0
814,0.014,0.04702,130.0,5.0
815,0.01401,0.04703,130.0,6.0
816,0.01374,0.0483,130.0,7.0
817,0.01395,0.04709,130.0,8.0
818,0.01387,0.0479,130.0,9.0
819,0.01387,0.04689,130.0,10.0
820,0.01369,0.04635,130.0,1.0
821,0.01379,0.04719,130.0,2.0
822,0.01392,0.04727,130.0,3.0
823,0.01392,0.04888,130.0,4.0
824,0.014,0.04763,130.0,5.0
825,0.01398,0.04728,130.0,6.0
826,0.01375,0.04718,130.0,7.0
827,0.01372,0.04711,130.0,8.0
828,0.01372,0.04667,130.0,9.0
829,0.01362,0.04663,130.0,10.0
830,0.01457,0.04751,130.0,1.0
831,0.01394,0.04771,130.0,2.0
832,0.01391,0.04705,130.0,3.0
833,0.01457,0.0484,130.0,4.0
834,0.01381,0.04684,130.0,5.0
835,0.0139,0.04713,130.0,6.0
836,0.01391,0.04732,130.0,7.0
837,0.0141,0.04728,130.0,8.0
838,0.014,0.04725,130.0,9.0
839,0.01397,0.04651,130.0,10.0
840,0.01361,0.04667,130.0,1.0
841,0.01382,0.04737,130.0,2.0
842,0.01409,0.04832,130.0,3.0
843,0.01395,0.04756,130.0,4.0
844,0.01401,0.04805,130.0,5.0
845,0.01401,0.04717,130.0,6.0
846,0.01357,0.04718,130.0,7.0
847,0.01392,0.04709,130.0,8.0
848,0.01408,0.04687,130.0,9.0
849,0.01352,0.04658,130.0,10.0
850,0.01087,0.03651,120.0,1.0
851,0.01065,0.037,120.0,2.0
852,0.01059,0.03625,120.0,3.0
853,0.01056,0.03676,120.0,4.0
854,0.01064,0.03661,120.0,5.0
855,0.01083,0.03693,120.0,6.0
856,0.01086,0.03687,120.0,7.0
857,0.01078,0.03694,120.0,8.0
858,0.01078,0.03687,120.0,9.0
859,0.01077,0.03685,120.0,10.0
860,0.01081,0.03669,120.0,1.0
861,0.01068,0.0363,120.0,2.0
862,0.01069,0.03625,120.0,3.0
863,0.01067,0.03629,120.0,4.0
864,0.01071,0.03651,120.0,5.0
865,0.01065,0.03623,120.0,6.0
866,0.0109,0.0369,120.0,7.0
867,0.01063,0.03627,120.0,8.0
868,0.01063,0.0363,120.0,9.0
869,0.0107,0.03683,120.0,10.0
870,0.01078,0.03704,120.0,1.0
871,0.01058,0.03629,120.0,2.0
872,0.01058,0.03646,120.0,3.0
873,0.01065,0.03625,120.0,4.0
874,0.01063,0.0364,120.0,5.0
875,0.01063,0.03675,120.0,6.0
876,0.01058,0.03641,120.0,7.0
877,0.01066,0.03693,120.0,8.0
878,0.01063,0.0364,120.0,9.0
879,0.01056,0.03627,120.0,10.0
880,0.01067,0.03656,120.0,1.0
881,0.01072,0.03682,120.0,2.0
882,0.0108,0.03703,120.0,3.0
883,0.0108,0.03704,120.0,4.0
884,0.01066,0.03631,120.0,5.0
885,0.0107,0.03695,120.0,6.0
886,0.0108,0.03694,120.0,7.0
887,0.01065,0.03637,120.0,8.0
888,0.01068,0.03675,120.0,9.0
889,0.01065,0.03667,120.0,10.0
890,0.0106,0.03653,120.0,1.0
891,0.01054,0.03649,120.0,2.0
892,0.01058,0.03624,120.0,3.0
893,0.01059,0.03632,120.0,4.0
894,0.0106,0.03627,120.0,5.0
895,0.01059,0.03698,120.0,6.0
896,0.01082,0.03697,120.0,7.0
897,0.01078,0.03687,120.0,8.0
898,0.01091,0.03687,120.0,9.0
899,0.01083,0.03689,120.0,10.0
900,0.01082,0.03673,120.0,1.0
901,0.01067,0.03658,120.0,2.0
902,0.01064,0.03631,120.0,3.0
903,0.01064,0.03664,120.0,4.0
904,0.01076,0.03664,120.0,5.0
905,0.0106,0.03686,120.0,6.0
906,0.01058,0.03651,120.0,7.0
907,0.01057,0.03679,120.0,8.0
908,0.01082,0.03658,120.0,9.0
909,0.0108,0.03661,120.0,10.0
910,0.01058,0.03684,120.0,1.0
911,0.01066,0.03699,120.0,2.0
912,0.01066,0.03654,120.0,3.0
913,0.01062,0.03712,120.0,4.0
914,0.01108,0.0374,120.0,5.0
915,0.01111,0.03734,120.0,6.0
916,0.01093,0.03732,120.0,7.0
917,0.01099,0.03721,120.0,8.0
918,0.01081,0.03738,120.0,9.0
919,0.01086,0.03717,120.0,10.0
920,0.01087,0.03716,120.0,1.0
921,0.01072,0.03812,120.0,2.0
922,0.01079,0.03689,120.0,3.0
923,0.01068,0.03725,120.0,4.0
924,0.01102,0.03743,120.0,5.0
925,0.01076,0.03703,120.0,6.0
926,0.01097,0.03699,120.0,7.0
927,0.0108,0.03676,120.0,8.0
928,0.01075,0.03739,120.0,9.0
929,0.01108,0.03729,120.0,10.0
930,0.0117,0.03787,120.0,1.0
931,0.01144,0.0386,120.0,2.0
932,0.01199,0.04039,120.0,3.0
933,0.01216,0.0394,120.0,4.0
934,0.01184,0.03979,120.0,5.0
935,0.01861,0.04727,120.0,6.0
936,0.01202,0.04019,120.0,7.0
937,0.01207,0.04005,120.0,8.0
938,0.01105,0.03699,120.0,9.0
939,0.01089,0.03682,120.0,10.0
940,0.01089,0.03715,120.0,1.0
941,0.01092,0.03712,120.0,2.0
942,0.01094,0.03707,120.0,3.0
943,0.01172,0.03921,120.0,4.0
944,0.01158,0.03872,120.0,5.0
945,0.0116,0.03973,120.0,6.0
946,0.01137,0.04013,120.0,7.0
947,0.01158,0.0401,120.0,8.0
948,0.01247,0.03961,120.0,9.0
949,0.01205,0.0406,120.0,10.0
950,0.00811,0.02823,110.0,1.0
951,0.00809,0.02811,110.0,2.0
952,0.00811,0.02814,110.0,3.0
953,0.0083,0.02878,110.0,4.0
954,0.00826,0.02866,110.0,5.0
955,0.00839,0.02885,110.0,6.0
956,0.00829,0.0286,110.0,7.0
957,0.00825,0.02857,110.0,8.0
958,0.00828,0.02865,110.0,9.0
959,0.00832,0.02861,110.0,10.0
960,0.00832,0.02842,110.0,1.0
961,0.00815,0.02813,110.0,2.0
962,0.00815,0.02808,110.0,3.0
963,0.00813,0.02819,110.0,4.0
964,0.00823,0.02865,110.0,5.0
965,0.00836,0.02867,110.0,6.0
966,0.00829,0.02872,110.0,7.0
967,0.00831,0.02854,110.0,8.0
968,0.00826,0.02864,110.0,9.0
969,0.00829,0.02857,110.0,10.0
970,0.00813,0.02813,110.0,1.0
971,0.00814,0.02812,110.0,2.0
972,0.00814,0.02805,110.0,3.0
973,0.00815,0.02811,110.0,4.0
974,0.00815,0.02814,110.0,5.0
975,0.00817,0.02862,110.0,6.0
976,0.00837,0.02866,110.0,7.0
977,0.00831,0.02882,110.0,8.0
978,0.00828,0.0285,110.0,9.0
979,0.00819,0.02802,110.0,10.0
980,0.00809,0.02809,110.0,1.0
981,0.00809,0.02818,110.0,2.0
982,0.00828,0.02848,110.0,3.0
983,0.00815,0.02812,110.0,4.0
984,0.00815,0.02807,110.0,5.0
985,0.00807,0.02805,110.0,6.0
986,0.0082,0.02866,110.0,7.0
987,0.00828,0.02863,110.0,8.0
988,0.00828,0.02865,110.0,9.0
989,0.00811,0.02819,110.0,10.0
990,0.00826,0.02868,110.0,1.0
991,0.00833,0.02866,110.0,2.0
992,0.0083,0.02816,110.0,3.0
993,0.00816,0.02806,110.0,4.0
994,0.00814,0.02816,110.0,5.0
995,0.00816,0.02816,110.0,6.0
996,0.00826,0.02872,110.0,7.0
997,0.00811,0.02809,110.0,8.0
998,0.00818,0.02839,110.0,9.0
999,0.00827,0.02875,110.0,10.0
1000,0.00826,0.02856,110.0,1.0
1001,0.00827,0.02841,110.0,2.0
1002,0.00813,0.02804,110.0,3.0
1003,0.00821,0.02868,110.0,4.0
1004,0.00813,0.02812,110.0,5.0
1005,0.00824,0.02858,110.0,6.0
1006,0.00832,0.02821,110.0,7.0
1007,0.00815,0.02806,110.0,8.0
1008,0.00823,0.02812,110.0,9.0
1009,0.00812,0.02816,110.0,10.0
1010,0.00814,0.02821,110.0,1.0
1011,0.00817,0.02811,110.0,2.0
1012,0.00812,0.02816,110.0,3.0
1013,0.00816,0.02809,110.0,4.0
1014,0.00809,0.02812,110.0,5.0
1015,0.0081,0.02808,110.0,6.0
1016,0.00812,0.02808,110.0,7.0
1017,0.00806,0.02808,110.0,8.0
1018,0.0081,0.02807,110.0,9.0
1019,0.00824,0.02859,110.0,10.0
1020,0.00831,0.0287,110.0,1.0
1021,0.0083,0.0286,110.0,2.0
1022,0.00838,0.02861,110.0,3.0
1023,0.00828,0.02865,110.0,4.0
1024,0.00827,0.02836,110.0,5.0
1025,0.00813,0.02808,110.0,6.0
1026,0.00816,0.02852,110.0,7.0
1027,0.00832,0.02841,110.0,8.0
1028,0.00814,0.0281,110.0,9.0
1029,0.00816,0.02819,110.0,10.0
1030,0.00814,0.02817,110.0,1.0
1031,0.00814,0.02819,110.0,2.0
1032,0.00811,0.02811,110.0,3.0
1033,0.0083,0.02864,110.0,4.0
1034,0.00828,0.02861,110.0,5.0
1035,0.00828,0.02858,110.0,6.0
1036,0.0081,0.02807,110.0,7.0
1037,0.00812,0.02815,110.0,8.0
1038,0.00813,0.02814,110.0,9.0
1039,0.00814,0.02814,110.0,10.0
1040,0.00814,0.0281,110.0,1.0
1041,0.00811,0.02834,110.0,2.0
1042,0.00828,0.02814,110.0,3.0
1043,0.00812,0.02823,110.0,4.0
1044,0.00814,0.02856,110.0,5.0
1045,0.00833,0.02863,110.0,6.0
1046,0.00826,0.02859,110.0,7.0
1047,0.00828,0.02863,110.0,8.0
1048,0.00833,0.02871,110.0,9.0
1049,0.00833,0.02861,110.0,10.0
1050,0.00625,0.02183,100.0,1.0
1051,0.0062,0.02161,100.0,2.0
1052,0.00619,0.02166,100.0,3.0
1053,0.00621,0.02175,100.0,4.0
1054,0.00621,0.02123,100.0,5.0
1055,0.00616,0.02217,100.0,6.0
1056,0.00649,0.02217,100.0,7.0
1057,0.00646,0.02203,100.0,8.0
1058,0.00648,0.02201,100.0,9.0
1059,0.00623,0.02171,100.0,10.0
1060,0.00628,0.02168,100.0,1.0
1061,0.00623,0.02164,100.0,2.0
1062,0.00623,0.02164,100.0,3.0
1063,0.00628,0.02176,100.0,4.0
1064,0.00619,0.02172,100.0,5.0
1065,0.00609,0.02136,100.0,6.0
1066,0.00609,0.02123,100.0,7.0
1067,0.00608,0.02139,100.0,8.0
1068,0.00611,0.02123,100.0,9.0
1069,0.00611,0.0215,100.0,10.0
1070,0.00623,0.02193,100.0,1.0
1071,0.00628,0.02163,100.0,2.0
1072,0.00619,0.02172,100.0,3.0
1073,0.0062,0.02162,100.0,4.0
1074,0.00627,0.02153,100.0,5.0
1075,0.00606,0.02125,100.0,6.0
1076,0.00618,0.02138,100.0,7.0
1077,0.00611,0.02132,100.0,8.0
1078,0.00612,0.02146,100.0,9.0
1079,0.00607,0.02126,100.0,10.0
1080,0.00614,0.02123,100.0,1.0
1081,0.00612,0.02137,100.0,2.0
1082,0.00607,0.02127,100.0,3.0
1083,0.00606,0.02132,100.0,4.0
1084,0.00608,0.02125,100.0,5.0
1085,0.00616,0.02169,100.0,6.0
1086,0.00624,0.02167,100.0,7.0
1087,0.00624,0.0217,100.0,8.0
1088,0.00624,0.02165,100.0,9.0
1089,0.00623,0.02167,100.0,10.0
1090,0.00621,0.02171,100.0,1.0
1091,0.00621,0.02163,100.0,2.0
1092,0.00622,0.02166,100.0,3.0
1093,0.0062,0.02162,100.0,4.0
1094,0.00627,0.02163,100.0,5.0
1095,0.00618,0.02162,100.0,6.0
1096,0.00625,0.02181,100.0,7.0
1097,0.00622,0.02168,100.0,8.0
1098,0.0062,0.02165,100.0,9.0
1099,0.00631,0.0218,100.0,10.0
1100,0.00619,0.02167,100.0,1.0
1101,0.00622,0.02168,100.0,2.0
1102,0.00628,0.02172,100.0,3.0
1103,0.00619,0.02165,100.0,4.0
1104,0.00622,0.02171,100.0,5.0
1105,0.00625,0.02167,100.0,6.0
1106,0.00607,0.02147,100.0,7.0
1107,0.00625,0.02152,100.0,8.0
1108,0.00608,0.02122,100.0,9.0
1109,0.00615,0.02123,100.0,10.0
1110,0.0061,0.02143,100.0,1.0
1111,0.00614,0.02129,100.0,2.0
1112,0.00609,0.02126,100.0,3.0
1113,0.00613,0.02125,100.0,4.0
1114,0.00612,0.02132,100.0,5.0
1115,0.00603,0.02131,100.0,6.0
1116,0.00607,0.02127,100.0,7.0
1117,0.00611,0.02125,100.0,8.0
1118,0.0061,0.02128,100.0,9.0
1119,0.00606,0.02129,100.0,10.0
1120,0.0061,0.02136,100.0,1.0
1121,0.00608,0.0213,100.0,2.0
1122,0.0061,0.02128,100.0,3.0
1123,0.00608,0.02127,100.0,4.0
1124,0.0061,0.02121,100.0,5.0
1125,0.00609,0.02138,100.0,6.0
1126,0.00609,0.03308,100.0,7.0
1127,0.00609,0.02132,100.0,8.0
1128,0.00621,0.02161,100.0,9.0
1129,0.00622,0.02166,100.0,10.0
1130,0.00621,0.02169,100.0,1.0
1131,0.00622,0.02162,100.0,2.0
1132,0.0062,0.02168,100.0,3.0
1133,0.00617,0.02162,100.0,4.0
1134,0.00625,0.02159,100.0,5.0
1135,0.00621,0.02163,100.0,6.0
1136,0.00622,0.02168,100.0,7.0
1137,0.00614,0.02125,100.0,8.0
1138,0.00607,0.02125,100.0,9.0
1139,0.00629,0.02135,100.0,10.0
1140,0.00605,0.02131,100.0,1.0
1141,0.00608,0.02131,100.0,2.0
1142,0.00612,0.02128,100.0,3.0
1143,0.00614,0.02131,100.0,4.0
1144,0.00611,0.02132,100.0,5.0
1145,0.00607,0.02134,100.0,6.0
1146,0.00607,0.02131,100.0,7.0
1147,0.00611,0.02135,100.0,8.0
1148,0.00609,0.02131,100.0,9.0
1149,0.00604,0.02129,100.0,10.0
1150,0.00458,0.01607,90.0,1.0
1151,0.00454,0.01601,90.0,2.0
1152,0.00471,0.01609,90.0,3.0
1153,0.00462,0.01612,90.0,4.0
1154,0.00479,0.01604,90.0,5.0
1155,0.00461,0.01575,90.0,6.0
1156,0.00454,0.01568,90.0,7.0
1157,0.00459,0.01571,90.0,8.0
1158,0.00457,0.01576,90.0,9.0
1159,0.00451,0.01574,90.0,10.0
1160,0.00452,0.01568,90.0,1.0
1161,0.00458,0.01576,90.0,2.0
1162,0.00499,0.01673,90.0,3.0
1163,0.00515,0.01674,90.0,4.0
1164,0.00477,0.01674,90.0,5.0
1165,0.00507,0.01677,90.0,6.0
1166,0.00493,0.01668,90.0,7.0
1167,0.00481,0.01675,90.0,8.0
1168,0.00495,0.01678,90.0,9.0
1169,0.00485,0.01636,90.0,10.0
1170,0.0046,0.01604,90.0,1.0
1171,0.00463,0.01602,90.0,2.0
1172,0.0047,0.01622,90.0,3.0
1173,0.00457,0.01593,90.0,4.0
1174,0.00483,0.01716,90.0,5.0
1175,0.00472,0.0163,90.0,6.0
1176,0.00471,0.01636,90.0,7.0
1177,0.00472,0.01653,90.0,8.0
1178,0.00466,0.01651,90.0,9.0
1179,0.00464,0.01637,90.0,10.0
1180,0.00463,0.01642,90.0,1.0
1181,0.00464,0.01624,90.0,2.0
1182,0.00472,0.0164,90.0,3.0
1183,0.00469,0.01643,90.0,4.0
1184,0.00467,0.01656,90.0,5.0
1185,0.00457,0.01597,90.0,6.0
1186,0.00455,0.01587,90.0,7.0
1187,0.00453,0.01592,90.0,8.0
1188,0.00456,0.01595,90.0,9.0
1189,0.0045,0.01596,90.0,10.0
1190,0.00458,0.01625,90.0,1.0
1191,0.00476,0.01579,90.0,2.0
1192,0.00457,0.01567,90.0,3.0
1193,0.00451,0.01566,90.0,4.0
1194,0.00455,0.01564,90.0,5.0
1195,0.0045,0.01564,90.0,6.0
1196,0.00449,0.01562,90.0,7.0
1197,0.00455,0.01595,90.0,8.0
1198,0.00455,0.01569,90.0,9.0
1199,0.00452,0.01569,90.0,10.0
1200,0.00457,0.0158,90.0,1.0
1201,0.00464,0.01646,90.0,2.0
1202,0.00457,0.01607,90.0,3.0
1203,0.00464,0.01638,90.0,4.0
1204,0.00456,0.01605,90.0,5.0
1205,0.00467,0.01617,90.0,6.0
1206,0.00463,0.01616,90.0,7.0
1207,0.00455,0.01607,90.0,8.0
1208,0.00474,0.01601,90.0,9.0
1209,0.0046,0.01646,90.0,10.0
1210,0.00461,0.01623,90.0,1.0
1211,0.00456,0.01585,90.0,2.0
1212,0.00455,0.01598,90.0,3.0
1213,0.00457,0.01596,90.0,4.0
1214,0.00462,0.01566,90.0,5.0
1215,0.00448,0.01563,90.0,6.0
1216,0.00446,0.01559,90.0,7.0
1217,0.00447,0.01563,90.0,8.0
1218,0.00451,0.0156,90.0,9.0
1219,0.00458,0.01595,90.0,10.0
1220,0.00458,0.0157,90.0,1.0
1221,0.00454,0.01564,90.0,2.0
1222,0.00452,0.01564,90.0,3.0
1223,0.00444,0.01592,90.0,4.0
1224,0.0045,0.01583,90.0,5.0
1225,0.00459,0.01569,90.0,6.0
1226,0.00449,0.01559,90.0,7.0
1227,0.00449,0.01571,90.0,8.0
1228,0.00459,0.01628,90.0,9.0
1229,0.00453,0.01561,90.0,10.0
1230,0.00451,0.01563,90.0,1.0
1231,0.00451,0.01565,90.0,2.0
1232,0.00455,0.01563,90.0,3.0
1233,0.00452,0.01561,90.0,4.0
1234,0.0045,0.01568,90.0,5.0
1235,0.00452,0.01565,90.0,6.0
1236,0.00451,0.01561,90.0,7.0
1237,0.00452,0.01563,90.0,8.0
1238,0.00451,0.0156,90.0,9.0
1239,0.00454,0.01569,90.0,10.0
1240,0.00449,0.01561,90.0,1.0
1241,0.0045,0.01567,90.0,2.0
1242,0.00452,0.01569,90.0,3.0
1243,0.00459,0.01586,90.0,4.0
1244,0.00458,0.01596,90.0,5.0
1245,0.00457,0.01591,90.0,6.0
1246,0.00451,0.01589,90.0,7.0
1247,0.00462,0.01594,90.0,8.0
1248,0.00452,0.01592,90.0,9.0
1249,0.00456,0.0159,90.0,10.0
1250,0.00349,0.01176,80.0,1.0
1251,0.00338,0.01203,80.0,2.0
1252,0.00359,0.01215,80.0,3.0
1253,0.00349,0.01188,80.0,4.0
1254,0.00356,0.01174,80.0,5.0
1255,0.00342,0.01146,80.0,6.0
1256,0.0034,0.01128,80.0,7.0
1257,0.0032,0.01114,80.0,8.0
1258,0.00314,0.01119,80.0,9.0
1259,0.00323,0.01122,80.0,10.0
1260,0.00315,0.01118,80.0,1.0
1261,0.0032,0.01116,80.0,2.0
1262,0.00318,0.01113,80.0,3.0
1263,0.00316,0.01119,80.0,4.0
1264,0.00326,0.01115,80.0,5.0
1265,0.00317,0.01166,80.0,6.0
1266,0.00323,0.01108,80.0,7.0
1267,0.00319,0.01125,80.0,8.0
1268,0.0035,0.01139,80.0,9.0
1269,0.00331,0.01119,80.0,10.0
1270,0.00347,0.01143,80.0,1.0
1271,0.00348,0.01129,80.0,2.0
1272,0.00342,0.012,80.0,3.0
1273,0.00335,0.01116,80.0,4.0
1274,0.00342,0.01176,80.0,5.0
1275,0.00328,0.01187,80.0,6.0
1276,0.00347,0.01183,80.0,7.0
1277,0.0035,0.01187,80.0,8.0
1278,0.0034,0.01221,80.0,9.0
1279,0.00364,0.01207,80.0,10.0
1280,0.00323,0.01138,80.0,1.0
1281,0.00343,0.01141,80.0,2.0
1282,0.00329,0.01117,80.0,3.0
1283,0.00321,0.01137,80.0,4.0
1284,0.0033,0.01132,80.0,5.0
1285,0.00325,0.01144,80.0,6.0
1286,0.00326,0.01133,80.0,7.0
1287,0.00331,0.01157,80.0,8.0
1288,0.00339,0.01167,80.0,9.0
1289,0.00342,0.01156,80.0,10.0
1290,0.00342,0.01186,80.0,1.0
1291,0.00332,0.01166,80.0,2.0
1292,0.00322,0.01175,80.0,3.0
1293,0.0032,0.01138,80.0,4.0
1294,0.00328,0.01122,80.0,5.0
1295,0.00346,0.01122,80.0,6.0
1296,0.00321,0.01129,80.0,7.0
1297,0.00326,0.01137,80.0,8.0
1298,0.00324,0.01139,80.0,9.0
1299,0.00328,0.01137,80.0,10.0
1300,0.00325,0.01137,80.0,1.0
1301,0.00328,0.01142,80.0,2.0
1302,0.00325,0.01137,80.0,3.0
1303,0.00322,0.0115,80.0,4.0
1304,0.00342,0.01121,80.0,5.0
1305,0.00322,0.01123,80.0,6.0
1306,0.00327,0.01137,80.0,7.0
1307,0.00328,0.01144,80.0,8.0
1308,0.00326,0.01134,80.0,9.0
1309,0.00321,0.01134,80.0,10.0
1310,0.00329,0.01138,80.0,1.0
1311,0.00324,0.01133,80.0,2.0
1312,0.00324,0.01138,80.0,3.0
1313,0.00331,0.01133,80.0,4.0
1314,0.00324,0.01134,80.0,5.0
1315,0.00324,0.01139,80.0,6.0
1316,0.00327,0.01132,80.0,7.0
1317,0.00325,0.01124,80.0,8.0
1318,0.00323,0.0112,80.0,9.0
1319,0.00318,0.01117,80.0,10.0
1320,0.00318,0.0113,80.0,1.0
1321,0.00322,0.01116,80.0,2.0
1322,0.00317,0.01117,80.0,3.0
1323,0.0032,0.01118,80.0,4.0
1324,0.0032,0.01116,80.0,5.0
1325,0.00317,0.01122,80.0,6.0
1326,0.00316,0.01117,80.0,7.0
1327,0.00319,0.01118,80.0,8.0
1328,0.00321,0.01133,80.0,9.0
1329,0.00324,0.01137,80.0,10.0
1330,0.0032,0.01126,80.0,1.0
1331,0.00331,0.01119,80.0,2.0
1332,0.00317,0.01132,80.0,3.0
1333,0.00327,0.01123,80.0,4.0
1334,0.0032,0.01127,80.0,5.0
1335,0.00323,0.01126,80.0,6.0
1336,0.00325,0.01123,80.0,7.0
1337,0.0032,0.01131,80.0,8.0
1338,0.0033,0.01117,80.0,9.0
1339,0.00319,0.01136,80.0,10.0
1340,0.00324,0.01118,80.0,1.0
1341,0.00324,0.01123,80.0,2.0
1342,0.00333,0.01128,80.0,3.0
1343,0.00323,0.01127,80.0,4.0
1344,0.00318,0.01126,80.0,5.0
1345,0.00335,0.01122,80.0,6.0
1346,0.00316,0.01121,80.0,7.0
1347,0.00327,0.01115,80.0,8.0
1348,0.00318,0.01113,80.0,9.0
1349,0.00328,0.01142,80.0,10.0
1350,0.00219,0.00753,70.0,1.0
1351,0.00219,0.00745,70.0,2.0
1352,0.0022,0.00746,70.0,3.0
1353,0.00215,0.00745,70.0,4.0
1354,0.00217,0.00748,70.0,5.0
1355,0.00218,0.00746,70.0,6.0
1356,0.00218,0.00744,70.0,7.0
1357,0.00218,0.00748,70.0,8.0
1358,0.00219,0.00749,70.0,9.0
1359,0.00218,0.00744,70.0,10.0
1360,0.00218,0.00758,70.0,1.0
1361,0.00218,0.00748,70.0,2.0
1362,0.00219,0.00745,70.0,3.0
1363,0.00218,0.00744,70.0,4.0
1364,0.0022,0.00749,70.0,5.0
1365,0.00219,0.00746,70.0,6.0
1366,0.00217,0.00744,70.0,7.0
1367,0.00217,0.00751,70.0,8.0
1368,0.00216,0.00757,70.0,9.0
1369,0.00217,0.00754,70.0,10.0
1370,0.00225,0.00767,70.0,1.0
1371,0.00226,0.00765,70.0,2.0
1372,0.00219,0.00755,70.0,3.0
1373,0.00214,0.00752,70.0,4.0
1374,0.00219,0.0076,70.0,5.0
1375,0.00223,0.00762,70.0,6.0
1376,0.00221,0.00762,70.0,7.0
1377,0.00223,0.00762,70.0,8.0
1378,0.0022,0.00762,70.0,9.0
1379,0.00221,0.00757,70.0,10.0
1380,0.00227,0.00787,70.0,1.0
1381,0.0022,0.00761,70.0,2.0
1382,0.00222,0.0076,70.0,3.0
1383,0.00221,0.00761,70.0,4.0
1384,0.00224,0.00764,70.0,5.0
1385,0.00222,0.00762,70.0,6.0
1386,0.00222,0.00761,70.0,7.0
1387,0.0022,0.00761,70.0,8.0
1388,0.00223,0.00763,70.0,9.0
1389,0.00222,0.00766,70.0,10.0
1390,0.00224,0.00767,70.0,1.0
1391,0.00223,0.00764,70.0,2.0
1392,0.00222,0.00763,70.0,3.0
1393,0.00227,0.0076,70.0,4.0
1394,0.00221,0.00761,70.0,5.0
1395,0.00223,0.00763,70.0,6.0
1396,0.00224,0.00769,70.0,7.0
1397,0.00226,0.00761,70.0,8.0
1398,0.00223,0.00767,70.0,9.0
1399,0.00228,0.00763,70.0,10.0
1400,0.00224,0.0077,70.0,1.0
1401,0.00224,0.00765,70.0,2.0
1402,0.00221,0.0077,70.0,3.0
1403,0.00225,0.00776,70.0,4.0
1404,0.00219,0.00762,70.0,5.0
1405,0.00219,0.00765,70.0,6.0
1406,0.00229,0.0076,70.0,7.0
1407,0.00222,0.00765,70.0,8.0
1408,0.00226,0.00763,70.0,9.0
1409,0.00223,0.00766,70.0,10.0
1410,0.00226,0.00768,70.0,1.0
1411,0.00237,0.01897,70.0,2.0
1412,0.00282,0.01427,70.0,3.0
1413,0.00219,0.00765,70.0,4.0
1414,0.00227,0.00767,70.0,5.0
1415,0.00223,0.00766,70.0,6.0
1416,0.00221,0.00768,70.0,7.0
1417,0.00222,0.00762,70.0,8.0
1418,0.00223,0.00765,70.0,9.0
1419,0.00224,0.00778,70.0,10.0
1420,0.00246,0.00797,70.0,1.0
1421,0.0022,0.00749,70.0,2.0
1422,0.00222,0.00779,70.0,3.0
1423,0.00235,0.00795,70.0,4.0
1424,0.00231,0.00797,70.0,5.0
1425,0.00244,0.00806,70.0,6.0
1426,0.00235,0.008,70.0,7.0
1427,0.00232,0.00795,70.0,8.0
1428,0.0024,0.008,70.0,9.0
1429,0.00237,0.00803,70.0,10.0
1430,0.00248,0.0082,70.0,1.0
1431,0.00237,0.0082,70.0,2.0
1432,0.00234,0.00808,70.0,3.0
1433,0.00244,0.00806,70.0,4.0
1434,0.00232,0.00797,70.0,5.0
1435,0.00242,0.00797,70.0,6.0
1436,0.00242,0.00811,70.0,7.0
1437,0.00232,0.008,70.0,8.0
1438,0.00233,0.00791,70.0,9.0
1439,0.00235,0.0081,70.0,10.0
1440,0.00238,0.00809,70.0,1.0
1441,0.00227,0.01558,70.0,2.0
1442,0.00237,0.01556,70.0,3.0
1443,0.00241,0.0079,70.0,4.0
1444,0.00233,0.00795,70.0,5.0
1445,0.0023,0.00788,70.0,6.0
1446,0.00252,0.00824,70.0,7.0
1447,0.00227,0.00799,70.0,8.0
1448,0.00234,0.00801,70.0,9.0
1449,0.00232,0.00789,70.0,10.0
1450,0.00145,0.00491,60.0,1.0
1451,0.00142,0.00475,60.0,2.0
1452,0.00141,0.00477,60.0,3.0
1453,0.00143,0.00475,60.0,4.0
1454,0.00142,0.00477,60.0,5.0
1455,0.00141,0.00477,60.0,6.0
1456,0.00144,0.00484,60.0,7.0
1457,0.00145,0.00482,60.0,8.0
1458,0.00143,0.00474,60.0,9.0
1459,0.00143,0.00477,60.0,10.0
1460,0.00142,0.00493,60.0,1.0
1461,0.00141,0.00477,60.0,2.0
1462,0.00144,0.00478,60.0,3.0
1463,0.00143,0.00475,60.0,4.0
1464,0.00141,0.00477,60.0,5.0
1465,0.00143,0.00479,60.0,6.0
1466,0.0014,0.00476,60.0,7.0
1467,0.00146,0.00474,60.0,8.0
1468,0.00143,0.00481,60.0,9.0
1469,0.00144,0.00477,60.0,10.0
1470,0.00144,0.00491,60.0,1.0
1471,0.00142,0.00476,60.0,2.0
1472,0.00143,0.00479,60.0,3.0
1473,0.00144,0.00481,60.0,4.0
1474,0.00142,0.00475,60.0,5.0
1475,0.00142,0.00478,60.0,6.0
1476,0.00142,0.00478,60.0,7.0
1477,0.00142,0.00479,60.0,8.0
1478,0.00143,0.00476,60.0,9.0
1479,0.00143,0.00476,60.0,10.0
1480,0.00142,0.00488,60.0,1.0
1481,0.00143,0.00485,60.0,2.0
1482,0.00147,0.00483,60.0,3.0
1483,0.00143,0.0048,60.0,4.0
1484,0.00141,0.0048,60.0,5.0
1485,0.00142,0.00476,60.0,6.0
1486,0.0014,0.00478,60.0,7.0
1487,0.00143,0.00477,60.0,8.0
1488,0.00141,0.00478,60.0,9.0
1489,0.00142,0.00478,60.0,10.0
1490,0.0014,0.00489,60.0,1.0
1491,0.00142,0.00482,60.0,2.0
1492,0.00143,0.00476,60.0,3.0
1493,0.00141,0.00474,60.0,4.0
1494,0.00143,0.00477,60.0,5.0
1495,0.00141,0.00478,60.0,6.0
1496,0.00144,0.00476,60.0,7.0
1497,0.00143,0.00484,60.0,8.0
1498,0.00141,0.00476,60.0,9.0
1499,0.00146,0.00481,60.0,10.0
1500,0.00144,0.00487,60.0,1.0
1501,0.00143,0.00477,60.0,2.0
1502,0.00143,0.00476,60.0,3.0
1503,0.00144,0.00478,60.0,4.0
1504,0.00143,0.00477,60.0,5.0
1505,0.00143,0.00476,60.0,6.0
1506,0.00142,0.00476,60.0,7.0
1507,0.00146,0.00477,60.0,8.0
1508,0.00144,0.00479,60.0,9.0
1509,0.00143,0.00481,60.0,10.0
1510,0.00142,0.00485,60.0,1.0
1511,0.00142,0.0048,60.0,2.0
1512,0.00142,0.00477,60.0,3.0
1513,0.00143,0.00477,60.0,4.0
1514,0.00139,0.00479,60.0,5.0
1515,0.00144,0.00478,60.0,6.0
1516,0.00142,0.00478,60.0,7.0
1517,0.00142,0.00483,60.0,8.0
1518,0.00144,0.00478,60.0,9.0
1519,0.00143,0.0048,60.0,10.0
1520,0.00142,0.00486,60.0,1.0
1521,0.00143,0.00485,60.0,2.0
1522,0.00147,0.00479,60.0,3.0
1523,0.00144,0.00478,60.0,4.0
1524,0.00145,0.00477,60.0,5.0
1525,0.00141,0.00481,60.0,6.0
1526,0.00144,0.00484,60.0,7.0
1527,0.00145,0.00487,60.0,8.0
1528,0.00146,0.00487,60.0,9.0
1529,0.00144,0.00486,60.0,10.0
1530,0.00148,0.00496,60.0,1.0
1531,0.00146,0.00485,60.0,2.0
1532,0.00148,0.00485,60.0,3.0
1533,0.00144,0.00484,60.0,4.0
1534,0.00144,0.00484,60.0,5.0
1535,0.00145,0.00483,60.0,6.0
1536,0.00143,0.00478,60.0,7.0
1537,0.00143,0.00482,60.0,8.0
1538,0.00141,0.00476,60.0,9.0
1539,0.00143,0.00475,60.0,10.0
1540,0.00144,0.00489,60.0,1.0
1541,0.00142,0.00479,60.0,2.0
1542,0.00144,0.00485,60.0,3.0
1543,0.00145,0.00485,60.0,4.0
1544,0.00145,0.00484,60.0,5.0
1545,0.00145,0.00485,60.0,6.0
1546,0.00145,0.00483,60.0,7.0
1547,0.00146,0.00477,60.0,8.0
1548,0.00142,0.00475,60.0,9.0
1549,0.00141,0.00476,60.0,10.0
1550,0.00087,0.00289,50.0,1.0
1551,0.00088,0.00284,50.0,2.0
1552,0.00086,0.00282,50.0,3.0
1553,0.00087,0.00282,50.0,4.0
1554,0.00087,0.00281,50.0,5.0
1555,0.00087,0.00284,50.0,6.0
1556,0.00085,0.00283,50.0,7.0
1557,0.00087,0.00283,50.0,8.0
1558,0.00087,0.00281,50.0,9.0
1559,0.00087,0.00281,50.0,10.0
1560,0.00087,0.00283,50.0,1.0
1561,0.00086,0.00283,50.0,2.0
1562,0.00087,0.00281,50.0,3.0
1563,0.00086,0.00282,50.0,4.0
1564,0.00087,0.00285,50.0,5.0
1565,0.00089,0.00288,50.0,6.0
1566,0.0009,0.00287,50.0,7.0
1567,0.00089,0.00289,50.0,8.0
1568,0.00089,0.00287,50.0,9.0
1569,0.00089,0.00288,50.0,10.0
1570,0.0009,0.00292,50.0,1.0
1571,0.00088,0.00288,50.0,2.0
1572,0.00088,0.00287,50.0,3.0
1573,0.00087,0.00284,50.0,4.0
1574,0.00087,0.0028,50.0,5.0
1575,0.00089,0.00282,50.0,6.0
1576,0.00089,0.0029,50.0,7.0
1577,0.00088,0.00284,50.0,8.0
1578,0.00085,0.0029,50.0,9.0
1579,0.00088,0.00284,50.0,10.0
1580,0.00086,0.00283,50.0,1.0
1581,0.00091,0.00283,50.0,2.0
1582,0.00087,0.00283,50.0,3.0
1583,0.00087,0.00281,50.0,4.0
1584,0.00087,0.00282,50.0,5.0
1585,0.00086,0.00281,50.0,6.0
1586,0.00088,0.00281,50.0,7.0
1587,0.00087,0.00283,50.0,8.0
1588,0.00087,0.00282,50.0,9.0
1589,0.00088,0.00284,50.0,10.0
1590,0.00085,0.00283,50.0,1.0
1591,0.00088,0.00283,50.0,2.0
1592,0.00086,0.00281,50.0,3.0
1593,0.00088,0.00283,50.0,4.0
1594,0.00087,0.00282,50.0,5.0
1595,0.00087,0.00284,50.0,6.0
1596,0.00088,0.00287,50.0,7.0
1597,0.00087,0.00282,50.0,8.0
1598,0.00088,0.00284,50.0,9.0
1599,0.00087,0.00282,50.0,10.0
1600,0.00091,0.00291,50.0,1.0
1601,0.0009,0.00286,50.0,2.0
1602,0.00087,0.00282,50.0,3.0
1603,0.00087,0.00281,50.0,4.0
1604,0.00087,0.00288,50.0,5.0
1605,0.0009,0.00283,50.0,6.0
1606,0.00087,0.00285,50.0,7.0
1607,0.00088,0.00291,50.0,8.0
1608,0.00088,0.0029,50.0,9.0
1609,0.0009,0.00286,50.0,10.0
1610,0.00089,0.00287,50.0,1.0
1611,0.00087,0.00282,50.0,2.0
1612,0.00088,0.00284,50.0,3.0
1613,0.00087,0.00284,50.0,4.0
1614,0.00088,0.00288,50.0,5.0
1615,0.00086,0.00283,50.0,6.0
1616,0.00086,0.00284,50.0,7.0
1617,0.00089,0.00289,50.0,8.0
1618,0.00087,0.00288,50.0,9.0
1619,0.00089,0.00289,50.0,10.0
1620,0.0009,0.00287,50.0,1.0
1621,0.00088,0.00287,50.0,2.0
1622,0.00088,0.00287,50.0,3.0
1623,0.00089,0.00287,50.0,4.0
1624,0.00088,0.00287,50.0,5.0
1625,0.0009,0.00287,50.0,6.0
1626,0.0009,0.00285,50.0,7.0
1627,0.00087,0.00282,50.0,8.0
1628,0.00089,0.00287,50.0,9.0
1629,0.00087,0.00288,50.0,10.0
1630,0.0009,0.00289,50.0,1.0
1631,0.00089,0.00291,50.0,2.0
1632,0.0009,0.00287,50.0,3.0
1633,0.00088,0.00287,50.0,4.0
1634,0.00087,0.00291,50.0,5.0
1635,0.00088,0.00288,50.0,6.0
1636,0.00088,0.00289,50.0,7.0
1637,0.00089,0.00288,50.0,8.0
1638,0.00088,0.00284,50.0,9.0
1639,0.00089,0.00281,50.0,10.0
1640,0.00085,0.00285,50.0,1.0
1641,0.0009,0.00286,50.0,2.0
1642,0.00088,0.00283,50.0,3.0
1643,0.00087,0.00284,50.0,4.0
1644,0.0009,0.00282,50.0,5.0
1645,0.00087,0.00285,50.0,6.0
1646,0.00087,0.00283,50.0,7.0
1647,0.00088,0.00283,50.0,8.0
1648,0.00087,0.00281,50.0,9.0
1649,0.00089,0.00283,50.0,10.0
1650,0.00048,0.00151,40.0,1.0
1651,0.00049,0.00149,40.0,2.0
1652,0.00052,0.00152,40.0,3.0
1653,0.0005,0.0015,40.0,4.0
1654,0.00049,0.00149,40.0,5.0
1655,0.0005,0.0015,40.0,6.0
1656,0.0005,0.00159,40.0,7.0
1657,0.00051,0.0015,40.0,8.0
1658,0.00051,0.00151,40.0,9.0
1659,0.00049,0.00152,40.0,10.0
1660,0.0005,0.00157,40.0,1.0
1661,0.0005,0.00153,40.0,2.0
1662,0.00049,0.00148,40.0,3.0
1663,0.0005,0.00149,40.0,4.0
1664,0.00049,0.00151,40.0,5.0
1665,0.00049,0.00152,40.0,6.0
1666,0.00048,0.0015,40.0,7.0
1667,0.00049,0.0015,40.0,8.0
1668,0.00049,0.00154,40.0,9.0
1669,0.0005,0.00151,40.0,10.0
1670,0.00048,0.00149,40.0,1.0
1671,0.00048,0.00149,40.0,2.0
1672,0.00049,0.0015,40.0,3.0
1673,0.00054,0.0015,40.0,4.0
1674,0.00049,0.00152,40.0,5.0
1675,0.00049,0.0015,40.0,6.0
1676,0.0005,0.0015,40.0,7.0
1677,0.00048,0.00156,40.0,8.0
1678,0.00049,0.0015,40.0,9.0
1679,0.00049,0.00151,40.0,10.0
1680,0.0005,0.00151,40.0,1.0
1681,0.00048,0.0015,40.0,2.0
1682,0.0005,0.0015,40.0,3.0
1683,0.00049,0.00149,40.0,4.0
1684,0.00052,0.00151,40.0,5.0
1685,0.00049,0.00149,40.0,6.0
1686,0.00049,0.00154,40.0,7.0
1687,0.00049,0.00149,40.0,8.0
1688,0.0005,0.00149,40.0,9.0
1689,0.00049,0.00151,40.0,10.0
1690,0.00049,0.0015,40.0,1.0
1691,0.0005,0.00151,40.0,2.0
1692,0.00049,0.00149,40.0,3.0
1693,0.0005,0.00149,40.0,4.0
1694,0.0005,0.0015,40.0,5.0
1695,0.00051,0.00152,40.0,6.0
1696,0.00049,0.0015,40.0,7.0
1697,0.00052,0.00155,40.0,8.0
1698,0.00048,0.00149,40.0,9.0
1699,0.00049,0.00148,40.0,10.0
1700,0.00049,0.00149,40.0,1.0
1701,0.00049,0.0015,40.0,2.0
1702,0.0005,0.00149,40.0,3.0
1703,0.00048,0.0015,40.0,4.0
1704,0.00049,0.00149,40.0,5.0
1705,0.00049,0.0015,40.0,6.0
1706,0.00048,0.00149,40.0,7.0
1707,0.00048,0.00149,40.0,8.0
1708,0.00049,0.00148,40.0,9.0
1709,0.00049,0.00149,40.0,10.0
1710,0.00049,0.00149,40.0,1.0
1711,0.0005,0.00155,40.0,2.0
1712,0.00049,0.00149,40.0,3.0
1713,0.00049,0.0015,40.0,4.0
1714,0.00049,0.00149,40.0,5.0
1715,0.00049,0.00152,40.0,6.0
1716,0.0005,0.00149,40.0,7.0
1717,0.00049,0.0015,40.0,8.0
1718,0.00049,0.0015,40.0,9.0
1719,0.0005,0.0015,40.0,10.0
1720,0.00049,0.00149,40.0,1.0
1721,0.00049,0.00153,40.0,2.0
1722,0.00049,0.00149,40.0,3.0
1723,0.0005,0.00148,40.0,4.0
1724,0.00049,0.00149,40.0,5.0
1725,0.0005,0.0015,40.0,6.0
1726,0.00049,0.00149,40.0,7.0
1727,0.00051,0.00149,40.0,8.0
1728,0.00048,0.00149,40.0,9.0
1729,0.00049,0.0015,40.0,10.0
1730,0.00048,0.00149,40.0,1.0
1731,0.0005,0.00149,40.0,2.0
1732,0.00049,0.00149,40.0,3.0
1733,0.0005,0.00149,40.0,4.0
1734,0.00049,0.0015,40.0,5.0
1735,0.00049,0.00149,40.0,6.0
1736,0.00049,0.0015,40.0,7.0
1737,0.0005,0.00149,40.0,8.0
1738,0.0005,0.00149,40.0,9.0
1739,0.00049,0.00148,40.0,10.0
1740,0.00049,0.00149,40.0,1.0
1741,0.00049,0.0015,40.0,2.0
1742,0.00052,0.00149,40.0,3.0
1743,0.0005,0.0015,40.0,4.0
1744,0.00049,0.0015,40.0,5.0
1745,0.00048,0.0015,40.0,6.0
1746,0.00049,0.0015,40.0,7.0
1747,0.00049,0.00149,40.0,8.0
1748,0.00048,0.00149,40.0,9.0
1749,0.00048,0.00149,40.0,10.0
1750,0.00025,0.00067,30.0,1.0
1751,0.00025,0.00066,30.0,2.0
1752,0.00024,0.00066,30.0,3.0
1753,0.00025,0.00066,30.0,4.0
1754,0.00024,0.00067,30.0,5.0
1755,0.00024,0.00065,30.0,6.0
1756,0.00024,0.00066,30.0,7.0
1757,0.00025,0.00068,30.0,8.0
1758,0.00024,0.00066,30.0,9.0
1759,0.00024,0.00067,30.0,10.0
1760,0.00024,0.00066,30.0,1.0
1761,0.00025,0.00067,30.0,2.0
1762,0.00024,0.00067,30.0,3.0
1763,0.00024,0.00067,30.0,4.0
1764,0.00024,0.00066,30.0,5.0
1765,0.00025,0.00067,30.0,6.0
1766,0.00024,0.00066,30.0,7.0
1767,0.00024,0.00066,30.0,8.0
1768,0.00024,0.00066,30.0,9.0
1769,0.00025,0.00067,30.0,10.0
1770,0.00025,0.00066,30.0,1.0
1771,0.00024,0.00066,30.0,2.0
1772,0.00025,0.00066,30.0,3.0
1773,0.00024,0.00066,30.0,4.0
1774,0.00024,0.00066,30.0,5.0
1775,0.00024,0.00066,30.0,6.0
1776,0.00024,0.00066,30.0,7.0
1777,0.00025,0.00067,30.0,8.0
1778,0.00024,0.00067,30.0,9.0
1779,0.00024,0.00066,30.0,10.0
1780,0.00025,0.00067,30.0,1.0
1781,0.00024,0.00066,30.0,2.0
1782,0.00025,0.00066,30.0,3.0
1783,0.00024,0.00066,30.0,4.0
1784,0.00024,0.00067,30.0,5.0
1785,0.00024,0.00067,30.0,6.0
1786,0.00025,0.00066,30.0,7.0
1787,0.00025,0.00066,30.0,8.0
1788,0.00023,0.00066,30.0,9.0
1789,0.00024,0.00067,30.0,10.0
1790,0.00024,0.00065,30.0,1.0
1791,0.00024,0.00066,30.0,2.0
1792,0.00025,0.00067,30.0,3.0
1793,0.00024,0.00066,30.0,4.0
1794,0.00024,0.00067,30.0,5.0
1795,0.00024,0.00067,30.0,6.0
1796,0.00025,0.00067,30.0,7.0
1797,0.00024,0.00067,30.0,8.0
1798,0.00024,0.00066,30.0,9.0
1799,0.00024,0.00067,30.0,10.0
1800,0.00024,0.00066,30.0,1.0
1801,0.00024,0.00067,30.0,2.0
1802,0.00024,0.00067,30.0,3.0
1803,0.00024,0.00067,30.0,4.0
1804,0.00024,0.00067,30.0,5.0
1805,0.00024,0.00067,30.0,6.0
1806,0.00024,0.00066,30.0,7.0
1807,0.00024,0.00067,30.0,8.0
1808,0.00024,0.00066,30.0,9.0
1809,0.00024,0.00067,30.0,10.0
1810,0.00024,0.00066,30.0,1.0
1811,0.00024,0.00067,30.0,2.0
1812,0.00024,0.00067,30.0,3.0
1813,0.00024,0.00068,30.0,4.0
1814,0.00023,0.00066,30.0,5.0
1815,0.00024,0.00066,30.0,6.0
1816,0.00024,0.00067,30.0,7.0
1817,0.00024,0.00066,30.0,8.0
1818,0.00024,0.00066,30.0,9.0
1819,0.00024,0.00067,30.0,10.0
1820,0.00024,0.00067,30.0,1.0
1821,0.00024,0.00066,30.0,2.0
1822,0.00024,0.00066,30.0,3.0
1823,0.00024,0.00066,30.0,4.0
1824,0.00024,0.00066,30.0,5.0
1825,0.00025,0.00067,30.0,6.0
1826,0.00024,0.00067,30.0,7.0
1827,0.00024,0.00069,30.0,8.0
1828,0.00026,0.00068,30.0,9.0
1829,0.00025,0.00066,30.0,10.0
1830,0.00024,0.00067,30.0,1.0
1831,0.00025,0.00067,30.0,2.0
1832,0.00024,0.00066,30.0,3.0
1833,0.00024,0.00067,30.0,4.0
1834,0.00025,0.00066,30.0,5.0
1835,0.00024,0.00066,30.0,6.0
1836,0.00024,0.00069,30.0,7.0
1837,0.00024,0.00066,30.0,8.0
1838,0.00024,0.00066,30.0,9.0
1839,0.00024,0.00066,30.0,10.0
1840,0.00024,0.00066,30.0,1.0
1841,0.00024,0.00066,30.0,2.0
1842,0.00024,0.00066,30.0,3.0
1843,0.00024,0.00066,30.0,4.0
1844,0.00024,0.00067,30.0,5.0
1845,0.00026,0.00066,30.0,6.0
1846,0.00026,0.00067,30.0,7.0
1847,0.00024,0.00067,30.0,8.0
1848,0.00024,0.00066,30.0,9.0
1849,0.00025,0.00067,30.0,10.0
1850,9e-05,0.00023,20.0,1.0
1851,9e-05,0.00022,20.0,2.0
1852,9e-05,0.00022,20.0,3.0
1853,0.0001,0.00022,20.0,4.0
1854,9e-05,0.00022,20.0,5.0
1855,9e-05,0.00022,20.0,6.0
1856,9e-05,0.00022,20.0,7.0
1857,9e-05,0.00022,20.0,8.0
1858,9e-05,0.00022,20.0,9.0
1859,9e-05,0.00022,20.0,10.0
1860,9e-05,0.00023,20.0,1.0
1861,0.0001,0.00022,20.0,2.0
1862,9e-05,0.00023,20.0,3.0
1863,9e-05,0.00022,20.0,4.0
1864,9e-05,0.00022,20.0,5.0
1865,9e-05,0.00022,20.0,6.0
1866,9e-05,0.00022,20.0,7.0
1867,9e-05,0.00022,20.0,8.0
1868,0.0001,0.00021,20.0,9.0
1869,0.0001,0.00023,20.0,10.0
1870,9e-05,0.00022,20.0,1.0
1871,9e-05,0.00022,20.0,2.0
1872,9e-05,0.00022,20.0,3.0
1873,9e-05,0.00022,20.0,4.0
1874,9e-05,0.00022,20.0,5.0
1875,9e-05,0.00022,20.0,6.0
1876,9e-05,0.00022,20.0,7.0
1877,9e-05,0.00022,20.0,8.0
1878,9e-05,0.00022,20.0,9.0
1879,9e-05,0.00022,20.0,10.0
1880,9e-05,0.00022,20.0,1.0
1881,9e-05,0.00022,20.0,2.0
1882,9e-05,0.00022,20.0,3.0
1883,9e-05,0.00022,20.0,4.0
1884,9e-05,0.00022,20.0,5.0
1885,9e-05,0.00022,20.0,6.0
1886,9e-05,0.00022,20.0,7.0
1887,9e-05,0.00022,20.0,8.0
1888,0.0001,0.00022,20.0,9.0
1889,9e-05,0.00022,20.0,10.0
1890,9e-05,0.00022,20.0,1.0
1891,9e-05,0.00022,20.0,2.0
1892,9e-05,0.00022,20.0,3.0
1893,9e-05,0.00022,20.0,4.0
1894,9e-05,0.00022,20.0,5.0
1895,9e-05,0.00022,20.0,6.0
1896,9e-05,0.00022,20.0,7.0
1897,9e-05,0.00022,20.0,8.0
1898,0.0001,0.00022,20.0,9.0
1899,9e-05,0.00022,20.0,10.0
1900,9e-05,0.00022,20.0,1.0
1901,9e-05,0.00022,20.0,2.0
1902,9e-05,0.00023,20.0,3.0
1903,0.0001,0.00022,20.0,4.0
1904,9e-05,0.00022,20.0,5.0
1905,9e-05,0.00022,20.0,6.0
1906,9e-05,0.00022,20.0,7.0
1907,9e-05,0.00022,20.0,8.0
1908,9e-05,0.00022,20.0,9.0
1909,9e-05,0.00022,20.0,10.0
1910,9e-05,0.00022,20.0,1.0
1911,9e-05,0.00022,20.0,2.0
1912,0.0001,0.00023,20.0,3.0
1913,9e-05,0.00022,20.0,4.0
1914,9e-05,0.00022,20.0,5.0
1915,9e-05,0.00022,20.0,6.0
1916,9e-05,0.00022,20.0,7.0
1917,9e-05,0.00022,20.0,8.0
1918,9e-05,0.00022,20.0,9.0
1919,0.0001,0.00022,20.0,10.0
1920,9e-05,0.00023,20.0,1.0
1921,9e-05,0.00022,20.0,2.0
1922,0.0001,0.00022,20.0,3.0
1923,9e-05,0.00022,20.0,4.0
1924,9e-05,0.00022,20.0,5.0
1925,9e-05,0.00022,20.0,6.0
1926,9e-05,0.00022,20.0,7.0
1927,9e-05,0.00022,20.0,8.0
1928,9e-05,0.00022,20.0,9.0
1929,9e-05,0.00022,20.0,10.0
1930,9e-05,0.00022,20.0,1.0
1931,9e-05,0.00022,20.0,2.0
1932,9e-05,0.00022,20.0,3.0
1933,9e-05,0.00022,20.0,4.0
1934,9e-05,0.00022,20.0,5.0
1935,9e-05,0.00022,20.0,6.0
1936,9e-05,0.00022,20.0,7.0
1937,9e-05,0.00022,20.0,8.0
1938,9e-05,0.00022,20.0,9.0
1939,9e-05,0.00022,20.0,10.0
1940,9e-05,0.00022,20.0,1.0
1941,9e-05,0.00022,20.0,2.0
1942,9e-05,0.00022,20.0,3.0
1943,9e-05,0.00022,20.0,4.0
1944,9e-05,0.00022,20.0,5.0
1945,9e-05,0.00022,20.0,6.0
1946,9e-05,0.00021,20.0,7.0
1947,9e-05,0.00022,20.0,8.0
1948,9e-05,0.00022,20.0,9.0
1949,9e-05,0.00022,20.0,10.0
1950,3e-05,4e-05,10.0,1.0
1951,2e-05,4e-05,10.0,2.0
1952,2e-05,4e-05,10.0,3.0
1953,2e-05,4e-05,10.0,4.0
1954,2e-05,4e-05,10.0,5.0
1955,2e-05,4e-05,10.0,6.0
1956,2e-05,4e-05,10.0,7.0
1957,2e-05,4e-05,10.0,8.0
1958,2e-05,4e-05,10.0,9.0
1959,2e-05,4e-05,10.0,10.0
1960,2e-05,4e-05,10.0,1.0
1961,2e-05,4e-05,10.0,2.0
1962,2e-05,4e-05,10.0,3.0
1963,2e-05,4e-05,10.0,4.0
1964,2e-05,4e-05,10.0,5.0
1965,2e-05,4e-05,10.0,6.0
1966,2e-05,4e-05,10.0,7.0
1967,2e-05,4e-05,10.0,8.0
1968,2e-05,4e-05,10.0,9.0
1969,2e-05,4e-05,10.0,10.0
1970,2e-05,4e-05,10.0,1.0
1971,2e-05,4e-05,10.0,2.0
1972,2e-05,4e-05,10.0,3.0
1973,2e-05,4e-05,10.0,4.0
1974,2e-05,4e-05,10.0,5.0
1975,2e-05,4e-05,10.0,6.0
1976,2e-05,4e-05,10.0,7.0
1977,2e-05,4e-05,10.0,8.0
1978,2e-05,4e-05,10.0,9.0
1979,2e-05,4e-05,10.0,10.0
1980,2e-05,4e-05,10.0,1.0
1981,2e-05,4e-05,10.0,2.0
1982,2e-05,4e-05,10.0,3.0
1983,2e-05,4e-05,10.0,4.0
1984,2e-05,4e-05,10.0,5.0
1985,2e-05,4e-05,10.0,6.0
1986,2e-05,4e-05,10.0,7.0
1987,2e-05,4e-05,10.0,8.0
1988,2e-05,4e-05,10.0,9.0
1989,2e-05,4e-05,10.0,10.0
1990,2e-05,4e-05,10.0,1.0
1991,2e-05,4e-05,10.0,2.0
1992,2e-05,4e-05,10.0,3.0
1993,2e-05,4e-05,10.0,4.0
1994,2e-05,4e-05,10.0,5.0
1995,2e-05,4e-05,10.0,6.0
1996,2e-05,4e-05,10.0,7.0
1997,2e-05,4e-05,10.0,8.0
1998,2e-05,4e-05,10.0,9.0
1999,2e-05,4e-05,10.0,10.0
2000,2e-05,4e-05,10.0,1.0
2001,2e-05,3e-05,10.0,2.0
2002,2e-05,4e-05,10.0,3.0
2003,2e-05,4e-05,10.0,4.0
2004,2e-05,4e-05,10.0,5.0
2005,2e-05,4e-05,10.0,6.0
2006,2e-05,4e-05,10.0,7.0
2007,2e-05,4e-05,10.0,8.0
2008,2e-05,4e-05,10.0,9.0
2009,2e-05,4e-05,10.0,10.0
2010,2e-05,4e-05,10.0,1.0
2011,2e-05,4e-05,10.0,2.0
2012,2e-05,4e-05,10.0,3.0
2013,2e-05,4e-05,10.0,4.0
2014,2e-05,4e-05,10.0,5.0
2015,2e-05,4e-05,10.0,6.0
2016,2e-05,4e-05,10.0,7.0
2017,2e-05,4e-05,10.0,8.0
2018,2e-05,4e-05,10.0,9.0
2019,2e-05,4e-05,10.0,10.0
2020,2e-05,4e-05,10.0,1.0
2021,2e-05,4e-05,10.0,2.0
2022,2e-05,4e-05,10.0,3.0
2023,2e-05,4e-05,10.0,4.0
2024,2e-05,4e-05,10.0,5.0
2025,2e-05,4e-05,10.0,6.0
2026,2e-05,4e-05,10.0,7.0
2027,2e-05,4e-05,10.0,8.0
2028,2e-05,4e-05,10.0,9.0
2029,2e-05,4e-05,10.0,10.0
2030,2e-05,4e-05,10.0,1.0
2031,2e-05,4e-05,10.0,2.0
2032,2e-05,4e-05,10.0,3.0
2033,2e-05,4e-05,10.0,4.0
2034,2e-05,4e-05,10.0,5.0
2035,2e-05,4e-05,10.0,6.0
2036,2e-05,4e-05,10.0,7.0
2037,2e-05,4e-05,10.0,8.0
2038,2e-05,4e-05,10.0,9.0
2039,2e-05,4e-05,10.0,10.0
2040,2e-05,4e-05,10.0,1.0
2041,2e-05,4e-05,10.0,2.0
2042,2e-05,4e-05,10.0,3.0
2043,2e-05,4e-05,10.0,4.0
2044,2e-05,4e-05,10.0,5.0
2045,2e-05,4e-05,10.0,6.0
2046,2e-05,4e-05,10.0,7.0
2047,2e-05,4e-05,10.0,8.0
2048,2e-05,4e-05,10.0,9.0
2049,2e-05,4e-05,10.0,10.0
